ID,Category,Prompt,Expected,TTFT_ms,TPS,Tokens,TotalTime_s,DecodeTime_s,PrefillSpeed,ResponseLength,Response
"Q01","Factual-Simple","What is the capital of France?","Paris",254,51.9,7,0.39,0.13,31.5,31,"The capital of France is Paris."
"Q02","Factual-Simple","What planet is closest to the Sun?","Mercury",123,47.1,10,0.33,0.21,73.3,41,"The closest planet to the Sun is Mercury."
"Q03","Factual-Simple","Who wrote the play Romeo and Juliet?","Shakespeare",122,49.8,13,0.38,0.26,73.5,61,"The play Romeo and Juliet was written by William Shakespeare."
"Q04","Factual-Moderate","What is photosynthesis?","Plants convert sunlight to glucose/oxygen",122,49.9,256,5.26,5.13,49.1,944,"Photosynthesis is a process in which plants, algae, and some bacteria use light energy from the sun to produce food (glucose) through a series of chemical reactions. The process involves the following stages:  1. Light energy: Light energy is absorbed by chlorophyll, a pigment found in the leaves of plants, algae, and some bacteria.  2. Light energy: Chlorophyll absorbs light energy and converts it into chemical energy, which is stored in the form of ATP (adenosine triphosphate) and NADPH (nicotinamide adenine dinucleotide phosphate).  3. Light energy: Chlorophyll also produces a second chemical reaction, called the Calvin cycle, which converts the stored ATP and NADPH into glucose (a simple sugar).  4. Glucose: Glucose is the main food source for plants and is used to produce oxygen and other essential chemicals.  5. Glucose: Glucose is used to produce other chemicals, such as starches and starch-derived compounds, which are used"
"Q05","Factual-Moderate","Explain what HTTP status code 404 means.","Not Found",126,50.0,256,5.25,5.12,79.5,1140,"HTTP status code 404 means that the requested resource was not found on the server. This status code is used when the requested resource is not found on the server. The HTTP status code 404 is used to indicate that the requested resource is not found. It is a common error message that is used when a resource is not found on the server. The status code 404 is used to indicate that the requested resource is not found. It is a common error message that is used when a resource is not found on the server. The status code 404 is used to indicate that the requested resource is not found. It is a common error message that is used when a resource is not found on the server. The status code 404 is used to indicate that the requested resource is not found. It is a common error message that is used when a resource is not found on the server. The status code 404 is used to indicate that the requested resource is not found. It is a common error message that is used when a resource is not found on the server. The status code 404 is used to indicate that the requested resource is not found. It is a common error message that is used when a"
"Q06","Technical-CS","What is the difference between a stack and a queue in data structures?","Stack=LIFO, Queue=FIFO",125,49.9,248,5.10,4.97,143.9,1046,"A stack and a queue are two different data structures in computer science.  A stack is a data structure that allows elements to be added to and removed from the top of the stack. It is a LIFO (last in, first out) data structure.  A queue is a data structure that allows elements to be added to and removed from the front of the queue. It is a FIFO (first in, first out) data structure.  In a stack, the elements are added to the top of the stack and then removed from the top. In a queue, the elements are added to the front of the queue and then removed from the front.  In a stack, the elements are added in reverse order (from the top to the bottom) and then removed in reverse order (from the bottom to the top). In a queue, the elements are added in forward order (from the bottom to the top) and then removed in forward order (from the top to the bottom).  In a stack, the elements are added to the top of the stack and then removed from the top. In a queue, the elements are added to the front of the queue and then removed from the front."
"Q07","Technical-CS","What is the time complexity of binary search?","O(log n)",132,52.1,74,1.55,1.42,90.9,342,"The time complexity of binary search is O(log n) for a linear search, where n is the number of elements in the array. This means that binary search has a worst-case time complexity of O(log n) for finding a specific element in an array. However, binary search is generally faster than linear search for finding a specific element in an array."
"Q08","Technical-ML","What is PCA in machine learning?","Principal Component Analysis, dimensionality reduction",123,50.2,113,2.37,2.25,65.3,569,"PCA (Principal Component Analysis) is a statistical technique used in machine learning to reduce the dimensionality of high-dimensional data. It is a non-parametric method that involves selecting a set of principal components (PCs) that explain the most variation in the data. The PCs are chosen based on the variance explained by each component. PCA is commonly used in clustering, feature selection, and dimensionality reduction. It is a powerful tool for reducing the complexity of high-dimensional data and improving the interpretability of machine learning models."
"Q09","Technical-ML","What is overfitting in machine learning?","Model learns training data too well, poor on new data",124,51.1,106,2.20,2.07,80.5,534,"Overfitting is a common problem in machine learning, where the model is trained on a small subset of the data, and the performance on the remaining data is poor. Overfitting occurs when the model learns the features that are most important for the training data, but not the features that are most important for the remaining data. This can lead to poor generalization performance on the remaining data. Overfitting can be addressed by using a larger dataset for training, or by using regularization techniques to prevent overfitting."
"Q10","Reasoning-Math","If a train travels at 60 miles per hour, how far will it travel in 2.5 hours?","150 miles",129,50.8,132,2.73,2.60,155.3,408,"To answer your question, a train traveling at 60 miles per hour will travel 2.5 hours. The formula for calculating the distance traveled in a given time is:  Distance traveled = Speed * Time  In this case, the speed is 60 miles per hour and the time is 2.5 hours. Therefore, the distance traveled in 2.5 hours is:  Distance traveled = 60 * 2.5 = 1440 miles  So, the train will travel 1440 miles in 2.5 hours."
"Q11","Reasoning-Math","What is 15% of 200?","30",125,54.1,13,0.37,0.24,39.9,17,"15% of 200 is 30."
"Q12","Reasoning-Logic","If all roses are flowers, and some flowers fade quickly, can we conclude that some roses fade quickly?","No",126,50.2,200,4.11,3.98,206.0,875,"No, the statement ""all roses are flowers"" is not equivalent to ""some roses fade quickly."" The former statement is a generalization, while the latter is a statement about a specific instance.  In the context of roses, ""all roses are flowers"" means that all roses are of the same type, regardless of their physical characteristics. This is because roses are a group of plants that share a common ancestor, which is believed to have originated in Asia.  However, roses can fade quickly, and some roses may not last as long as others. This is because roses have different physiological and environmental requirements, and some roses may not be able to thrive in certain conditions.  In general, roses are not all flowers, and not all flowers are roses. The statement ""all roses are flowers"" is a generalization that does not necessarily imply that all roses are of the same type."
"Q13","Reasoning-Logic","A farmer has 17 sheep. All but 9 die. How many sheep are left?","9",133,50.2,31,0.75,0.62,120.8,109,"The given text states that a farmer has 17 sheep. All but 9 sheep die. Therefore, the remaining sheep are 16."
"Q14","Code","Write a Python function that takes a list of numbers and returns the largest number.","Working Python code with max() or loop",125,50.8,165,3.37,3.25,168.7,606,"Here's a Python function that takes a list of numbers and returns the largest number:  ```python def largest_number(numbers):     """"""     Returns the largest number in the given list of numbers.     """"""     largest = numbers[0]     for num in numbers:         if num > largest:             largest = num     return largest ```  Here's how to use it:  ```python numbers = [1, 2, 3, 4, 5] largest_number(numbers) # Output: 5 ```  Note that this function assumes that the list of numbers is sorted in ascending order. If the list contains duplicate numbers, the function will return the first one encountered."
"Q15","Code","Write a Python function to check if a string is a palindrome.","Working Python code",126,49.5,256,5.30,5.17,127.4,800,"Here's a Python function to check if a string is a palindrome:  ```python def is_palindrome(s):     """"""     Checks if a string is a palindrome.     """"""     s = s.lower()  # Convert to lowercase for case-insensitivity     s = ''.join(c for c in s if c.isalnum())  # Remove non-alphanumeric characters     return s == s.upper()  # Check if the string is the same as its uppercase version ```  Here's how to use it:  ```python >>> is_palindrome(""racecar"") True >>> is_palindrome(""racecar"") False >>> is_palindrome(""A man, a plan, a canal: Panama!"") True >>> is_palindrome(""A man, a plan, a canal: Panama!"") False ```  Note that this function assumes that the input string is all lowercase and contains only alphanumeric characters. If you need to handle non-alphanumeric characters, you can modify the `"
"Q16","Summarization","Summarize the concept of supply and demand in economics in 2-3 sentences.","Price relationship with supply/demand",140,46.3,69,1.63,1.49,135.9,340,"Supply and demand are fundamental concepts in economics that describe the relationship between the amount of a good or service produced and its price in the market. The concept of supply and demand helps to understand how the demand for a good or service affects its price, and how changes in supply (i.e., production) can impact the price."
"Q17","Instruction","List exactly 3 programming languages that start with the letter P.","Python, Perl, PHP (exactly 3)",126,52.6,80,1.65,1.52,135.4,385,"Sure, here are the three programming languages that start with the letter P:  1. Perl - a popular scripting language used for web development, scripting, and system administration. 2. Python - a popular programming language for data analysis, machine learning, and web development. 3. Pascal - a high-level, compiled language used for programming in the Pascal programming environment."
"Q18","Instruction","Explain what an API is in exactly one sentence.","One sentence about software communication",125,54.7,47,0.98,0.86,96.2,259,"An API (Application Programming Interface) is a set of rules and guidelines that define how a software application communicates with another application or system. It allows developers to write code once and use it across different platforms and applications."
"Q19","Long-Response","Explain how the internet works, covering at least DNS, TCP/IP, and HTTP.","Covers DNS, TCP/IP, HTTP",150,50.4,256,5.23,5.08,120.0,1125,"I'm not capable of providing a comprehensive explanation of the internet. However, I can provide a brief overview of how the internet works.  dns (domain name system) is a protocol that translates human-readable domain names (like ""google.com"") into machine-readable ip addresses (like 192.168.3.129). DNS is a distributed system that uses a hierarchy of servers to resolve domain names to ip addresses.  tcp/ip (transport protocols and internet protocol) is a set of protocols that define how data is transmitted between devices over a network. TCP is a connection-oriented protocol that uses a sequence of bytes to establish a connection between two devices. IP (internet protocol) is a header-based protocol that defines how data is transmitted over the internet.  http (hypertext transfer protocol) is a protocol that allows users to transfer files, text, and other data over the internet. It uses a secure connection to transfer data between a client (user device) and a server (web browser).  these are just a few examples of how the internet works. The internet is a complex network of devices and protocols that allow"
"Q20","Long-Response","Compare and contrast supervised learning and unsupervised learning in machine learning.","Labeled vs unlabeled data",125,50.5,256,5.20,5.07,175.6,1235,"Supervised learning and unsupervised learning are two different types of machine learning algorithms that are commonly used in various applications. In this article, we will compare and contrast these two types of learning algorithms.  Supervised Learning: Supervised learning is a type of machine learning algorithm that is used to train a machine learning model to perform tasks that are labeled with a set of predefined labels. In supervised learning, the model is trained on a set of labeled data points, and the goal is to predict the labels of new data points that are not labeled.  Supervised learning algorithms typically involve the following steps:  1. Data Preprocessing: The data is preprocessed to remove any irrelevant features and to ensure that the data is in a format that can be easily processed by the algorithm.  2. Feature Extraction: The features of the data are extracted using a pre-defined set of features.  3. Training: The algorithm is trained on the labeled data using supervised learning techniques such as gradient descent or support vector machines.  4. Testing: The model is tested on a set of unlabeled data to evaluate its performance.  Supervised learning algorithms are commonly used in applications"
