Model,ModelLabel,ID,Category,Prompt,Expected,TTFT_ms,TPS,Tokens,TotalTime_s,DecodeTime_s,PrefillSpeed,RespChars,Response,Error
"Llama-3.2-1B-Instruct-q4f16_1-MLC","Llama 3.2 Â· 1B","Q01","Factual-Simple","What is the capital of France?","Paris",102,18.1,7,0.49,0.39,78.3,31,"The capital of France is Paris.",""
"Llama-3.2-1B-Instruct-q4f16_1-MLC","Llama 3.2 Â· 1B","Q02","Factual-Simple","What planet is closest to the Sun?","Mercury",77,18.8,77,4.18,4.10,117.0,323,"The planet closest to the Sun is Mercury. It is the smallest planet in our solar system and is about 58 million kilometers (36.5 million miles) away from the Sun. Mercury's proximity to the Sun means that its surface temperature can reach as high as 427°C (801°F) during the day, while dropping to -173°C (-279°F) at night.",""
"Llama-3.2-1B-Instruct-q4f16_1-MLC","Llama 3.2 Â· 1B","Q03","Factual-Simple","Who wrote the play Romeo and Juliet?","Shakespeare",77,18.7,49,2.70,2.62,117.3,226,"The play ""Romeo and Juliet"" was written by the renowned English playwright William Shakespeare. It is believed to have been written between 1591 and 1595, and it is considered one of Shakespeare's most famous and iconic plays.",""
"Llama-3.2-1B-Instruct-q4f16_1-MLC","Llama 3.2 Â· 1B","Q04","Factual-Moderate","What is photosynthesis?","Plants convert sunlight to glucose/oxygen",181,19.1,256,13.58,13.40,33.2,1177,"Photosynthesis is a fascinating process that occurs in plants, algae, and some bacteria. It's a vital part of the food chain and supports life on Earth.  Photosynthesis is the way plants produce their own food, using energy from sunlight, water, and carbon dioxide to produce glucose and oxygen. This process is essential for the survival of plants and, ultimately, the entire ecosystem.  Here's a simplified overview of the photosynthesis process:  1. Plants absorb carbon dioxide from the air through tiny openings called stomata. 2. They absorb water from the soil through their roots. 3. They use energy from sunlight to convert carbon dioxide and water into glucose and oxygen. 4. The glucose produced is used by the plant as energy, while the oxygen is released into the air as a byproduct.  Photosynthesis is a complex process, but I'll break it down simply:  * Light energy (from the sun) is absorbed by pigments like chlorophyll. * Water molecules (H2O) are split into oxygen and hydrogen ions. * Carbon dioxide molecules (CO2) are absorbed and converted into glucose and oxygen.  The equation for photosynthesis is:  6 CO2 + 6 H2O + light energy → C6H12O6 (glucose) +",""
"Llama-3.2-1B-Instruct-q4f16_1-MLC","Llama 3.2 Â· 1B","Q05","Factual-Moderate","Explain what HTTP status code 404 means.","Not Found",82,19.7,256,13.05,12.97,122.4,1259,"HTTP status code 404 is a generic error code that indicates that the requested resource could not be found or is not available.  In other words, it means that the server has no information about the requested resource, or it's not available for the requested action. This can happen for a variety of reasons, such as:  * The resource was deleted or removed. * The resource is not available due to a change in the server's configuration or policies. * The resource is not available due to a change in the server's location or IP address. * The resource is not available due to a change in the server's software or hardware.  When a server responds with a 404 status code, it typically means that the requested resource is not available, and the user should try a different resource or action. This is in contrast to a 200 status code, which indicates that the request was successful, and a 500 status code, which indicates that the server is experiencing an internal error.  Here's an example of how a 404 status code might be used in a response:  ""Sorry, the requested resource could not be found.""  This is a generic message that doesn't provide any additional information about the missing resource. It's up to the user to try a different resource or action",""
"Llama-3.2-1B-Instruct-q4f16_1-MLC","Llama 3.2 Â· 1B","Q06","Technical-CS","What is the difference between a stack and a queue in data structures?","Stack=LIFO, Queue=FIFO",77,19.5,256,13.20,13.12,233.5,1048,"In data structures, a stack and a queue are two fundamental data structures that serve different purposes, but they are related in a way that's often misunderstood.  **Stack**  A stack is a Last-In-First-Out (LIFO) data structure, which means the last item added to the stack is the first one to be removed. It's a LIFO data structure, where the most recently added item is at the top.  **Queue**  A queue is a First-In-First-Out (FIFO) data structure, which means the first item added to the queue is the first one to be removed. It's a FIFO data structure, where the oldest item is at the top.  **Key differences**  Here are the key differences between a stack and a queue:  1. **Order**: In a stack, the order is LIFO, while in a queue, the order is FIFO. 2. **Access**: In a stack, you can only access the top item, while in a queue, you can access any item at any time. 3. **Push and Pop**: In a stack, you can only add or remove items from the top, while in a queue, you can add or remove items from any position. 4. **Use cases**: Stacks are",""
"Llama-3.2-1B-Instruct-q4f16_1-MLC","Llama 3.2 Â· 1B","Q07","Technical-CS","What is the time complexity of binary search?","O(log n)",71,21.3,196,9.29,9.22,169.3,889,"The time complexity of binary search is O(log n), where n is the number of elements in the search space.  Binary search works by dividing the search space in half at each step, with each step reducing the number of elements to search. This process is repeated until the target element is found or the search space is exhausted.  The reason for the O(log n) time complexity is that the number of steps required to find the target element is proportional to the logarithm of the size of the search space. In other words, the number of steps is equal to the logarithm of the size of the search space, which is equivalent to the number of bits in the logarithm of the size of the search space.  For example, if we have a search space of 10 elements, the binary search algorithm would take approximately 3 steps to find the target element, which is equivalent to 3 * log2(10) = 3 * 3 = 9 steps.",""
"Llama-3.2-1B-Instruct-q4f16_1-MLC","Llama 3.2 Â· 1B","Q08","Technical-ML","What is PCA in machine learning?","Principal Component Analysis, dimensionality reduction",66,21.0,256,12.29,12.22,121.0,1302,"In machine learning, PCA (Principal Component Analysis) is a dimensionality reduction algorithm that helps to reduce the number of features in a dataset while retaining most of the information.  PCA is a linear algebra-based method that transforms a set of correlated features into a set of uncorrelated features, called principal components. These principal components are the new features that capture the most variance in the data.  Here's a simplified overview of the process:  1. **Data preparation**: The dataset is prepared by selecting a subset of features that are most relevant to the problem at hand. 2. **Feature selection**: The selected features are used to create a new dataset with fewer features. 3. **Linear transformation**: The new dataset is transformed into a new dataset with the same number of features, but with a linear relationship between the original features and the new features. 4. **Principal component selection**: The new dataset is then transformed into a new dataset with the most variance in the data, which are the principal components.  The principal components are the new features that capture the most variance in the data. They are calculated using the following formula:  `PC = Σ (xi - μi ) Txi / σi`  where:  * `PC` is the principal component * `xi` is the",""
"Llama-3.2-1B-Instruct-q4f16_1-MLC","Llama 3.2 Â· 1B","Q09","Technical-ML","What is overfitting in machine learning?","Model learns training data too well, poor on new data",72,22.6,256,11.42,11.35,138.5,1203,"Overfitting is a common problem in machine learning that can lead to poor performance on unseen data. I'd be happy to explain it in more detail.  **What is overfitting?**  Overfitting occurs when a machine learning model is too closely fit to the training data, resulting in poor performance on new, unseen data. In other words, the model is too good at predicting the training data, but fails to generalize well to new, unseen data.  **How does overfitting happen?**  Overfitting happens when a model is too complex, with too many parameters, and is trained on a large dataset with a lot of noise. The model is able to fit the noise in the training data, but fails to capture the underlying patterns and relationships in the data.  **Characteristics of overfitting**  Overfitting typically has the following characteristics:  1. **High accuracy**: The model is able to predict the correct output for a large number of training examples. 2. **Low variance**: The model is able to fit the noise in the training data, resulting in low variance. 3. **Poor generalization**: The model fails to generalize well to new, unseen data.  **Consequences of overfitting**  Overfitting can have several consequences,",""
"Llama-3.2-1B-Instruct-q4f16_1-MLC","Llama 3.2 Â· 1B","Q10","Reasoning-Math","If a train travels at 60 miles per hour, how far will it travel in 2.5 hours?","150 miles",76,21.9,72,3.36,3.28,264.6,245,"To find the distance traveled, we need to multiply the speed of the train (60 miles per hour) by the time it travels (2.5 hours).  Distance = Speed × Time = 60 miles/hour × 2.5 hours = 150 miles  So, the train will travel 150 miles in 2.5 hours.",""
"Llama-3.2-1B-Instruct-q4f16_1-MLC","Llama 3.2 Â· 1B","Q11","Reasoning-Math","What is 15% of 200?","30",108,19.1,42,2.31,2.20,46.2,86,"To find 15% of 200, I'll multiply 200 by 0.15.  200 x 0.15 = 30  So, 15% of 200 is 30.",""
"Llama-3.2-1B-Instruct-q4f16_1-MLC","Llama 3.2 Â· 1B","Q12","Reasoning-Logic","If all roses are flowers, and some flowers fade quickly, can we conclude that some roses fade quickly?","No",73,22.1,158,7.23,7.15,356.7,742,"I see what you're trying to do! This is a classic example of a logical fallacy, specifically a ""non sequitur"" (a conclusion that doesn't logically follow from the premises).  The statement ""all roses are flowers"" is a universal statement that implies that all roses have the same properties (in this case, being flowers). However, this doesn't necessarily mean that all roses have the same properties (in this case, fading quickly).  Just because some flowers (not roses) fade quickly, it doesn't mean that all roses will fade quickly. There could be many other types of flowers that fade quickly, and roses might be one of them.  So, while the statement ""all roses are flowers"" is true, it's not a guarantee that all roses will fade quickly.",""
"Llama-3.2-1B-Instruct-q4f16_1-MLC","Llama 3.2 Â· 1B","Q13","Reasoning-Logic","A farmer has 17 sheep. All but 9 die. How many sheep are left?","9",71,21.9,58,2.71,2.64,224.1,200,"To find out how many sheep are left, we need to subtract the number of sheep that died (9) from the total number of sheep (17).  17 (total sheep) - 9 (sheep that died) = 8  So, there are 8 sheep left.",""
"Llama-3.2-1B-Instruct-q4f16_1-MLC","Llama 3.2 Â· 1B","Q14","Code","Write a Python function that takes a list of numbers and returns the largest number.","Working Python code",67,20.4,192,9.46,9.39,313.0,820,"**Largest Number Function** ================================  Here is a simple Python function that takes a list of numbers and returns the largest number:  ```python def largest_number(numbers):     """"""     Returns the largest number from a list of numbers.      Args:         numbers (list): A list of numbers.      Returns:         int: The largest number in the list.     """"""     if not numbers:         raise ValueError(""The list is empty"")      return max(numbers) ```  **Example Use Case** --------------------  ```python numbers = [1, 2, 3, 4, 5] largest = largest_number(numbers) print(largest)  # Output: 5 ```  This function uses the built-in `max` function from the `statistics` module (available in Python 3.4 and later) to find the maximum value in the list. If the list is empty, it raises a `ValueError`.",""
"Llama-3.2-1B-Instruct-q4f16_1-MLC","Llama 3.2 Â· 1B","Q15","Code","Write a Python function to check if a string is a palindrome.","Working Python code",70,21.4,256,12.05,11.98,229.9,1138,"**Palindrome Checker Function** =====================================  Here is a Python function that checks if a given string is a palindrome:  ```python def is_palindrome(s: str) -> bool:     """"""     Returns True if the input string is a palindrome, False otherwise.      :param s: The input string to check.     :return: A boolean indicating whether the string is a palindrome.     """"""     s = ''.join(c for c in s if c.isalnum()).lower()  # Remove non-alphanumeric characters and convert to lowercase     return s == s[::-1]  # Compare the string with its reverse ```  **Example Use Cases** ----------------------  ```python print(is_palindrome(""radar""))  # True print(is_palindrome(""hello""))  # False print(is_palindrome(""A man, a plan, a canal...""))  # True print(is_palindrome(""Not a palindrome""))  # False ```  This function works by first removing any non-alphanumeric characters from the input string and converting it to lowercase. It then checks if the resulting string is equal to its reverse. If they are equal, the function returns `True`, indicating that the original string is a palindrome. Otherwise, it returns `False`.",""
"Llama-3.2-1B-Instruct-q4f16_1-MLC","Llama 3.2 Â· 1B","Q16","Summarization","Summarize the concept of supply and demand in economics in 2-3 sentences.","Price relationship with supply/demand",71,21.9,105,4.87,4.80,266.9,527,"The concept of supply and demand in economics is that the price of a good or service is determined by the interaction of the quantity of a good or service that producers are willing to sell (supply) and the quantity that consumers are willing to buy (demand). When the supply of a good or service is greater than the demand, the price tends to fall, and when the demand is greater than the supply, the price tends to rise. This equilibrium price is the result of the market adjusting to the imbalance between supply and demand.",""
"Llama-3.2-1B-Instruct-q4f16_1-MLC","Llama 3.2 Â· 1B","Q17","Instruction","List exactly 3 programming languages that start with the letter P.","Exactly 3 languages starting with P",68,20.6,24,1.23,1.17,249.6,88,"Here are 3 programming languages that start with the letter P:  1. Pascal 2. Perl 3. PHP",""
"Llama-3.2-1B-Instruct-q4f16_1-MLC","Llama 3.2 Â· 1B","Q18","Instruction","Explain what an API is in exactly one sentence.","One sentence about software communication",68,21.3,28,1.38,1.31,177.3,165,"An API, or Application Programming Interface, is a set of defined rules that allows different software applications to communicate and exchange data with each other.",""
"Llama-3.2-1B-Instruct-q4f16_1-MLC","Llama 3.2 Â· 1B","Q19","Long-Response","Explain how the internet works, covering at least DNS, TCP/IP, and HTTP.","Covers DNS, TCP/IP, HTTP",68,20.3,256,12.67,12.60,265.1,1242,"I'd be happy to explain how the internet works, covering the basics of DNS, TCP/IP, and HTTP.  **Overview of the Internet**  The internet is a global network of interconnected computers and servers that communicate with each other using standardized protocols. It's a complex system that allows data to be transmitted between devices, and it's used by billions of people worldwide.  **DNS (Domain Name System)**  DNS is a crucial component of the internet that allows users to access websites and other online resources using easy-to-remember domain names instead of IP addresses. Here's how it works:  1. **Domain Name**: A user enters a domain name (e.g., [www.example.com](http://www.example.com)) into their web browser. 2. **DNS Server**: The browser sends a request to a DNS server, which is a centralized database that maps domain names to IP addresses. 3. **IP Address**: The DNS server responds with the IP address associated with the domain name. 4. **Web Browser**: The browser uses the IP address to connect to the website or online resource.  **TCP/IP (Transmission Control Protocol/Internet Protocol)**  TCP/IP is a set of protocols that enables data to be transmitted between devices on the internet. Here's a brief overview:  ",""
"Llama-3.2-1B-Instruct-q4f16_1-MLC","Llama 3.2 Â· 1B","Q20","Long-Response","Compare and contrast supervised learning and unsupervised learning in machine learning.","Labeled vs unlabeled data",75,19.7,256,13.09,13.01,294.1,1305,"Supervised Learning and Unsupervised Learning are two fundamental approaches in machine learning, each with its own strengths and weaknesses.  **Supervised Learning**  In supervised learning, the machine is trained to learn from labeled data. The goal is to predict the output of a target variable based on the input data. The machine learns to map the input data to the correct output variable.  **Key characteristics:**  1. **Labeled data**: The machine is trained on labeled data, where each sample is associated with a target variable. 2. **Output variable**: The machine learns to predict the output variable. 3. **Error**: The machine is trained to minimize the difference between its predictions and the actual output variable.  **Unsupervised Learning**  In unsupervised learning, the machine is trained to discover patterns and relationships in unlabeled data. The goal is to identify clusters, groupings, or other meaningful structures in the data.  **Key characteristics:**  1. **Unlabeled data**: The machine is trained on unlabeled data, where each sample is unique and has no associated target variable. 2. **Discovery**: The machine learns to discover patterns and relationships in the data. 3. **No output variable**: The machine does not learn to predict an output variable.  **Comparison",""
"Qwen2.5-1.5B-Instruct-q4f16_1-MLC","Qwen 2.5 Â· 1.5B","Q01","Factual-Simple","What is the capital of France?","Paris",142,11.6,7,0.75,0.60,56.3,31,"The capital of France is Paris.",""
"Qwen2.5-1.5B-Instruct-q4f16_1-MLC","Qwen 2.5 Â· 1.5B","Q02","Factual-Simple","What planet is closest to the Sun?","Mercury",105,11.8,9,0.87,0.76,85.6,41,"The planet closest to the Sun is Mercury.",""
"Qwen2.5-1.5B-Instruct-q4f16_1-MLC","Qwen 2.5 Â· 1.5B","Q03","Factual-Simple","Who wrote the play Romeo and Juliet?","Shakespeare",127,11.6,15,1.42,1.29,71.0,63,"The play ""Romeo and Juliet"" was written by William Shakespeare.",""
"Qwen2.5-1.5B-Instruct-q4f16_1-MLC","Qwen 2.5 Â· 1.5B","Q04","Factual-Moderate","What is photosynthesis?","Plants convert sunlight to glucose/oxygen",106,12.0,133,11.16,11.06,56.5,738,"Photosynthesis is the process by which plants use sunlight, water and carbon dioxide to produce oxygen and energy. It occurs in the leaves of plants where chlorophyll (a green pigment) captures light energy from the sun. The captured light energy is used to split water molecules into hydrogen and oxygen atoms. The hydrogen atoms combine with carbon dioxide to form glucose, a simple sugar that provides energy for plant growth and development. The oxygen produced during photosynthesis is released as a waste product through tiny pores on the leaf surface called stomata. This process allows plants to convert light energy into chemical energy stored in organic compounds like glucose, making them essential components of life on Earth.",""
"Qwen2.5-1.5B-Instruct-q4f16_1-MLC","Qwen 2.5 Â· 1.5B","Q05","Factual-Moderate","Explain what HTTP status code 404 means.","Not Found",100,13.4,80,6.06,5.96,99.8,356,"HTTP status code 404 means ""Not Found"". This error occurs when the server cannot find the requested resource. For example, if you were trying to access a webpage that has been moved or deleted, this would result in a 404 error. The most common use of this error is when a user types an incorrect URL into their web browser's address bar and clicks 'Enter'.",""
"Qwen2.5-1.5B-Instruct-q4f16_1-MLC","Qwen 2.5 Â· 1.5B","Q06","Technical-CS","What is the difference between a stack and a queue in data structures?","Stack=LIFO, Queue=FIFO",106,12.9,235,18.39,18.28,170.5,1129,"A stack and a queue are both types of data structures used to store elements, but they differ in their operations.  A stack is a linear data structure that follows the Last-In-First-Out (LIFO) principle. This means that the last element added to the stack will be the first one to be removed. The topmost element of the stack is always accessible for insertion or deletion operations. Stacks have two main operations: push (adding an element to the stack) and pop (removing the topmost element from the stack).  On the other hand, a queue is also a linear data structure that follows the First-In-First-Out (FIFO) principle. This means that the first element added to the queue will be the first one to be removed. The frontmost element of the queue is always accessible for insertion operations, while the backmost element can only be accessed after all the front elements have been processed. Queues have two main operations: enqueue (adding an element to the end of the queue) and dequeue (removing the frontmost element from the queue).  In summary, stacks follow the LIFO principle, whereas queues follow the FIFO principle.",""
"Qwen2.5-1.5B-Instruct-q4f16_1-MLC","Qwen 2.5 Â· 1.5B","Q07","Technical-CS","What is the time complexity of binary search?","O(log n)",95,13.3,42,3.26,3.17,127.0,200,"The time complexity of binary search is O(log n), where n is the number of elements in the array. This means that the algorithm performs better than linear search, which has a time complexity of O(n).",""
"Qwen2.5-1.5B-Instruct-q4f16_1-MLC","Qwen 2.5 Â· 1.5B","Q08","Technical-ML","What is PCA in machine learning?","Principal Component Analysis, dimensionality reduction",279,13.4,244,18.48,18.20,28.6,1372,"Principal Component Analysis (PCA) is a statistical technique used for dimensionality reduction. It transforms the original features of data into new features, called principal components, which are linear combinations of the original features. The first principal component captures the most variance in the dataset, and subsequent components capture less variance but still retain some information about the data's structure.  Here are some key points about PCA:  1. **Dimensionality Reduction**: Reduces the number of variables while retaining as much information as possible from the original dataset. 2. **Visualization**: Helps visualize high-dimensional data by reducing its complexity to 2D or 3D plots. 3. **Noise Reduction**: Removes noise and irrelevant patterns that may be present in the data. 4. **Feature Extraction**: Extracts meaningful features that can be used for further analysis or machine learning tasks. 5. **Regularization**: Can help with overfitting by simplifying models without losing important information. 6. **Scalability**: Useful when dealing with large datasets where traditional methods might become computationally expensive.  PCA is widely used in various fields such as image recognition, natural language processing, recommendation systems, and more. It helps in preprocessing data before applying other machine learning algorithms.",""
"Qwen2.5-1.5B-Instruct-q4f16_1-MLC","Qwen 2.5 Â· 1.5B","Q09","Technical-ML","What is overfitting in machine learning?","Model learns training data too well, poor on new data",93,13.1,256,19.69,19.59,107.8,1247,"Overfitting is a common problem in machine learning where the model learns not only the underlying pattern but also the noise and random fluctuations from the training data. This means that the model performs well on the training data but fails to generalize to new, unseen data.  To understand overfitting better, let's break it down:  1. **Definition**: Overfitting occurs when a model learns the intricacies of the training dataset so well that it starts mimicking the noise or irrelevant patterns rather than capturing the essential features of the target variable.  2. **Causes**:    - **Lack of Regularization**: The model may be too complex (high degree polynomial regression) without proper regularization techniques like L1/L2 regularization.    - **Insufficient Data**: If there isn't enough data for the model to learn effectively, it can lead to overfitting.    - **High Bias**: The model might have high bias if it underfits the data, leading to underfitting instead of overfitting.  3. **Signs**:    - **Poor Generalization**: The model performs poorly on validation/test datasets compared to its performance on training data.    - **High Error Rate**: The error rate increases significantly with more complexity (e.g., higher number",""
"Qwen2.5-1.5B-Instruct-q4f16_1-MLC","Qwen 2.5 Â· 1.5B","Q10","Reasoning-Math","If a train travels at 60 miles per hour, how far will it travel in 2.5 hours?","150 miles",103,12.0,164,13.81,13.70,193.8,488,"To determine how far a train will travel in 2.5 hours if it is traveling at a speed of 60 miles per hour, you can use the formula:  \[ \text{Distance} = \text{Speed} \times \text{Time} \]  Given: - Speed = 60 miles per hour - Time = 2.5 hours  Plug these values into the formula:  \[ \text{Distance} = 60 \, \text{miles/hour} \times 2.5 \, \text{hours} \]  Now perform the multiplication:  \[ \text{Distance} = 150 \, \text{miles} \]  So, the train will travel **150 miles** in 2.5 hours.",""
"Qwen2.5-1.5B-Instruct-q4f16_1-MLC","Qwen 2.5 Â· 1.5B","Q11","Reasoning-Math","What is 15% of 200?","30",93,13.0,100,7.79,7.70,53.6,229,"To find 15% of 200, you can use the following steps:  1. Convert the percentage to a decimal:     \( 15\% = \frac{15}{100} = 0.15 \)  2. Multiply the decimal by the number:    \( 0.15 \times 200 = 30 \)  So, 15% of 200 is **30**.",""
"Qwen2.5-1.5B-Instruct-q4f16_1-MLC","Qwen 2.5 Â· 1.5B","Q12","Reasoning-Logic","If all roses are flowers, and some flowers fade quickly, can we conclude that some roses fade quickly?","No",94,12.7,133,10.60,10.51,276.3,664,"To determine if we can conclude that some roses fade quickly, let's break down the given information step by step:  1. **All roses are flowers**: This means every rose is also a flower. 2. **Some flowers fade quickly**: This statement indicates that there exists at least one type of flower (specifically, some flowers) that fades quickly.  Now, to reach our conclusion: - Since all roses are flowers, and some flowers fade quickly, it follows logically that some roses must also fade quickly because they are included in the category of flowers that fade quickly.  Therefore, we can indeed conclude that ""some roses fade quickly"" based on the provided statements.",""
"Qwen2.5-1.5B-Instruct-q4f16_1-MLC","Qwen 2.5 Â· 1.5B","Q13","Reasoning-Logic","A farmer has 17 sheep. All but 9 die. How many sheep are left?","9",122,12.4,15,1.33,1.21,130.7,52,"The farmer has 9 sheep left. The other 8 sheep died.",""
"Qwen2.5-1.5B-Instruct-q4f16_1-MLC","Qwen 2.5 Â· 1.5B","Q14","Code","Write a Python function that takes a list of numbers and returns the largest number.","Working Python code",101,12.4,227,18.35,18.25,207.5,934,"Sure! Here's a simple Python function that takes a list of numbers and returns the largest number:  ```python def find_largest_number(numbers):     # Check if the input is not empty     if len(numbers) == 0:         return None      # Initialize the largest number with the first element in the list     largest = numbers[0]      # Iterate through the rest of the elements in the list     for num in numbers[1:]:         # If the current number is larger than the largest so far, update it         if num > largest:             largest = num      # Return the largest number found     return largest ```  Here's an example usage of this function:  ```python numbers = [34, 56, 23, 89, 12] largest = find_largest_number(numbers) print(largest)  # Output: 89 ```  Note that this function assumes that the input list contains only numeric values. If you want to handle non-numeric inputs as well, you can modify the function accordingly.",""
"Qwen2.5-1.5B-Instruct-q4f16_1-MLC","Qwen 2.5 Â· 1.5B","Q15","Code","Write a Python function to check if a string is a palindrome.","Working Python code",115,12.7,256,20.26,20.14,138.8,1163,"Sure! Here's a Python function that checks if a string is a palindrome:  ```python def is_palindrome(string):     # Remove any non-alphanumeric characters and convert to lowercase     cleaned_string = ''.join(char.lower() for char in string if char.isalnum())          # Reverse the cleaned string     reversed_string = cleaned_string[::-1]          # Check if the original string and its reverse are equal     return cleaned_string == reversed_string ```  You can use this function like so:  ```python string = ""A man, a plan, a canal: Panama"" print(is_palindrome(string))  # Output: True  string = ""racecar"" print(is_palindrome(string))  # Output: True  string = ""hello"" print(is_palindrome(string))  # Output: False ```  The `is_palindrome` function first removes any non-alphanumeric characters from the input string using a generator expression. It then converts all remaining characters to lowercase using the `lower()` method.  Next, it uses slicing (`[::-1]`) to reverse the cleaned string. Finally, it compares the cleaned string with its reversed version using the equality operator (`==`). If they're equal, the function returns `True`, indicating that",""
"Qwen2.5-1.5B-Instruct-q4f16_1-MLC","Qwen 2.5 Â· 1.5B","Q16","Summarization","Summarize the concept of supply and demand in economics in 2-3 sentences.","Price relationship with supply/demand",106,13.2,78,6.04,5.93,179.6,456,"Supply and demand are fundamental concepts in economics that describe the relationship between the quantity of a good or service available for sale (supply) and the quantity consumers want to buy (demand). When supply increases relative to demand, prices tend to decrease. Conversely, when demand increases relative to supply, prices tend to increase. This balance helps determine market prices and allocates resources efficiently among buyers and sellers.",""
"Qwen2.5-1.5B-Instruct-q4f16_1-MLC","Qwen 2.5 Â· 1.5B","Q17","Instruction","List exactly 3 programming languages that start with the letter P.","Exactly 3 languages starting with P",103,13.2,30,2.37,2.27,165.2,119,"Here are three programming languages that start with the letter ""P"":  1. PHP (Hypertext Preprocessor) 2. Pascal 3. Perl",""
"Qwen2.5-1.5B-Instruct-q4f16_1-MLC","Qwen 2.5 Â· 1.5B","Q18","Instruction","Explain what an API is in exactly one sentence.","One sentence about software communication",102,13.3,25,1.98,1.87,117.8,150,"An API (Application Programming Interface) is a set of rules and protocols that allows different software applications to communicate with each other.",""
"Qwen2.5-1.5B-Instruct-q4f16_1-MLC","Qwen 2.5 Â· 1.5B","Q19","Long-Response","Explain how the internet works, covering at least DNS, TCP/IP, and HTTP.","Covers DNS, TCP/IP, HTTP",348,12.7,256,20.57,20.22,51.8,1378,"The internet is a vast network of interconnected computers and devices that allow people to communicate, share information, and access resources from anywhere in the world. The internet works through several protocols and technologies, including Domain Name System (DNS), Transmission Control Protocol/Internet Protocol (TCP/IP), and Hypertext Transfer Protocol (HTTP).  **1. DNS:**  The Domain Name System (DNS) is responsible for translating human-readable domain names into machine-readable IP addresses. When you type ""www.example.com"" into your web browser's address bar, your computer sends an HTTP request to its local DNS server asking it to resolve the domain name to an IP address. The DNS server then responds with the corresponding IP address, which your computer uses to connect to the website.  For example, if someone types ""example.com"" into their web browser, the DNS server will respond with the IP address associated with that domain name. This process allows us to easily remember websites by typing their domain name instead of memorizing complex IP addresses.  **2. TCP/IP:**  Transmission Control Protocol/Internet Protocol (TCP/IP) is the set of rules used to transmit data across networks. It provides mechanisms for error checking, flow control, and connection management between hosts on different networks. TCP/IP ensures reliable delivery of packets",""
"Qwen2.5-1.5B-Instruct-q4f16_1-MLC","Qwen 2.5 Â· 1.5B","Q20","Long-Response","Compare and contrast supervised learning and unsupervised learning in machine learning.","Labeled vs unlabeled data",128,13.2,256,19.50,19.37,171.6,1514,"Supervised learning and unsupervised learning are two types of machine learning algorithms that differ in their approach to training models.  Supervised Learning: In supervised learning, the model is trained on labeled data. This means that each input sample has a corresponding output label or target value. The goal of the model is to learn from this labeled dataset so that it can make accurate predictions for new, unseen inputs. Examples of supervised learning include classification tasks such as spam detection (spam emails have labels indicating whether they contain spam text) and regression tasks like predicting house prices based on features like square footage and number of bedrooms.  Unsupervised Learning: Unlike supervised learning, where the model learns from labeled data, unsupervised learning deals with unlabeled data. The objective here is to find patterns within the unlabeled data without any prior knowledge about what those patterns might be. Common examples of unsupervised learning include clustering, anomaly detection, and dimensionality reduction. Clustering involves grouping similar data points together into clusters, while anomaly detection aims to identify unusual patterns that may indicate errors or malicious activities. Dimensionality reduction helps simplify complex datasets by reducing the number of variables being considered while retaining important information.  Key differences between Supervised Learning and Unsupervised Learning:  1. Data Labeling: In supervised",""
"SmolLM2-1.7B-Instruct-q4f16_1-MLC","SmolLM2 Â· 1.7B","Q01","Factual-Simple","What is the capital of France?","Paris",266,13.1,7,0.80,0.53,30.1,31,"The capital of France is Paris.",""
"SmolLM2-1.7B-Instruct-q4f16_1-MLC","SmolLM2 Â· 1.7B","Q02","Factual-Simple","What planet is closest to the Sun?","Mercury",114,13.0,9,0.81,0.69,79.3,41,"The planet closest to the Sun is Mercury.",""
"SmolLM2-1.7B-Instruct-q4f16_1-MLC","SmolLM2 Â· 1.7B","Q03","Factual-Simple","Who wrote the play Romeo and Juliet?","Shakespeare",96,13.5,11,0.91,0.81,94.2,61,"The play Romeo and Juliet was written by William Shakespeare.",""
"SmolLM2-1.7B-Instruct-q4f16_1-MLC","SmolLM2 Â· 1.7B","Q04","Factual-Moderate","What is photosynthesis?","Plants convert sunlight to glucose/oxygen",96,13.9,238,17.23,17.13,62.4,1136,"Photosynthesis is the process by which plants, algae, and some bacteria convert light energy, usually from the sun, into chemical energy in the form of glucose or other sugars. This process involves the absorption of carbon dioxide and water, and the release of oxygen, which is a byproduct of photosynthesis.  During photosynthesis, plants use sunlight, water, and carbon dioxide to produce glucose, a type of sugar, and oxygen. This process primarily occurs in the leaves of plants, specifically in the chloroplasts, which are specialized structures containing the green pigment chlorophyll. Chlorophyll absorbs light, primarily in the blue and red parts of the light spectrum, and uses this energy to convert carbon dioxide and water into glucose and oxygen.  The overall equation for photosynthesis is:  6 CO2 + 6 H2O + light energy → C6H12O6 (glucose) + 6 O2  In simpler terms, photosynthesis can be thought of as plants taking in carbon dioxide and water, and producing sugar and oxygen as a result of the energy from sunlight. This process is essential for life on Earth, as it provides the oxygen we breathe and the food we eat.",""
"SmolLM2-1.7B-Instruct-q4f16_1-MLC","SmolLM2 Â· 1.7B","Q05","Factual-Moderate","Explain what HTTP status code 404 means.","Not Found",124,15.7,105,6.80,6.67,80.8,431,"HTTP status code 404, also known as ""Not Found,"" indicates that the server was unable to find the requested resource. This could be due to a variety of reasons, such as:  1. The requested URL does not exist. 2. The requested resource has been deleted. 3. The requested resource is currently unavailable.  For example, if you try to access a website and it says ""Page Not Found,"" this is an example of an HTTP status code 404 error.",""
"SmolLM2-1.7B-Instruct-q4f16_1-MLC","SmolLM2 Â· 1.7B","Q06","Technical-CS","What is the difference between a stack and a queue in data structures?","Stack=LIFO, Queue=FIFO",109,15.4,256,16.75,16.64,165.0,1073,"In data structures, a stack and a queue are two types of linear data structures that follow a particular order in which the elements are added and removed.  1. Stack: A stack is a Last-In-First-Out (LIFO) data structure, meaning the last element that is added to the stack will be the first one to be removed. Think of a stack of plates: you add plates to the top, but when you take them off, you take them off from the top.  2. Queue: A queue is a First-In-First-Out (FIFO) data structure, meaning the first element that is added to the queue will be the first one to be removed. Think of a line of people waiting for a bus: the person who gets on the bus first will be the first to get off.  In simpler terms, if you think of adding elements to a stack as putting a plate on top of a stack of plates, and removing elements as taking off the top plate, then adding to a queue is like putting a person in line, and removing is like taking the person off the end of the line.  In programming, stacks and queues are implemented using arrays or linked lists, and operations on",""
"SmolLM2-1.7B-Instruct-q4f16_1-MLC","SmolLM2 Â· 1.7B","Q07","Technical-CS","What is the time complexity of binary search?","O(log n)",104,15.2,42,2.87,2.77,115.5,201,"Binary search has a time complexity of O(log n), where n is the number of items being searched. This is because with each comparison, the search space is halved, leading to logarithmic time complexity.",""
"SmolLM2-1.7B-Instruct-q4f16_1-MLC","SmolLM2 Â· 1.7B","Q08","Technical-ML","What is PCA in machine learning?","Principal Component Analysis, dimensionality reduction",103,15.4,256,16.70,16.59,77.9,1308,"Principal Component Analysis (PCA) is a widely used technique in machine learning for dimensionality reduction and feature extraction. It's a method that transforms high-dimensional data into lower-dimensional data while retaining the most important information.  Here's how it works:  1. **Standardization**: The data is first standardized to have a mean of 0 and a standard deviation of 1. This is done to ensure that all features are on the same scale, which helps in the analysis of the data.  2. **Covariance Matrix**: The covariance matrix of the standardized data is calculated. The covariance matrix shows the variance of each feature in relation to the others.  3. **Eigenvectors and Eigenvalues**: The eigenvectors and eigenvalues of the covariance matrix are calculated. Eigenvectors represent the directions of the new axes (principal components), and eigenvalues represent the amount of variance explained by each axis.  4. **Component Selection**: The eigenvectors are selected based on their corresponding eigenvalues. The eigenvector with the highest eigenvalue is the first principal component, the second eigenvector corresponds to the second principal component, and so on.  5. **Component Projection**: The original data is projected onto the selected principal components to obtain lower",""
"SmolLM2-1.7B-Instruct-q4f16_1-MLC","SmolLM2 Â· 1.7B","Q09","Technical-ML","What is overfitting in machine learning?","Model learns training data too well, poor on new data",112,15.3,256,16.85,16.73,89.6,1267,"Overfitting in machine learning occurs when a model is too complex and learns the training data too well, including the noise and random fluctuations, rather than learning the underlying patterns and relationships. As a result, the model performs well on the training data but poorly on new, unseen data. This is because the model has essentially memorized the training data, rather than generalizing to new data.  Overfitting can be a problem because it means that the model is not robust and will not perform well on new, different data. It's often a result of having too many features, too complex a model, or not enough training data.  There are several strategies to prevent or fix overfitting, such as:  1. Regularization: adding a penalty term to the model's loss function to discourage large weights. 2. Early stopping: stopping the training process when the model's performance on the validation set starts to decrease. 3. Data augmentation: artificially increasing the size of the training set by generating new samples from existing ones. 4. Feature selection: selecting only the most relevant features to reduce the dimensionality of the data.  However, it's worth noting that overfitting is not always a bad thing, as it can sometimes be a necessary step",""
"SmolLM2-1.7B-Instruct-q4f16_1-MLC","SmolLM2 Â· 1.7B","Q10","Reasoning-Math","If a train travels at 60 miles per hour, how far will it travel in 2.5 hours?","150 miles",108,15.4,86,5.69,5.58,185.4,256,"To find the distance traveled, you can use the formula:   Distance = Speed * Time  In this case, the speed is 60 miles per hour and the time is 2.5 hours.   Distance = 60 miles/hour * 2.5 hours = 150 miles  So, the train will travel 150 miles in 2.5 hours.",""
"SmolLM2-1.7B-Instruct-q4f16_1-MLC","SmolLM2 Â· 1.7B","Q11","Reasoning-Math","What is 15% of 200?","30",108,15.0,73,4.96,4.85,46.5,110,"To find 15% of 200, you can multiply 200 by 0.15.   So, 15% of 200 is 0.15 * 200 = 30.   So, 15% of 200 is 30.",""
"SmolLM2-1.7B-Instruct-q4f16_1-MLC","SmolLM2 Â· 1.7B","Q12","Reasoning-Logic","If all roses are flowers, and some flowers fade quickly, can we conclude that some roses fade quickly?","No",110,14.9,47,3.26,3.15,236.8,231,"Yes, we can conclude that some roses fade quickly, based on the given information. Since all roses are flowers, and some flowers fade quickly, it logically follows that some roses, being a subset of flowers, must also fade quickly.",""
"SmolLM2-1.7B-Instruct-q4f16_1-MLC","SmolLM2 Â· 1.7B","Q13","Reasoning-Logic","A farmer has 17 sheep. All but 9 die. How many sheep are left?","9",116,12.4,7,0.68,0.57,138.1,23,"There are 9 sheep left.",""
"SmolLM2-1.7B-Instruct-q4f16_1-MLC","SmolLM2 Â· 1.7B","Q14","Code","Write a Python function that takes a list of numbers and returns the largest number.","Working Python code",105,15.4,110,7.23,7.12,199.4,366,"Here's a simple Python function that does that:  ```python def largest_number(numbers):     return max(numbers)  # Example usage: numbers = [4, 2, 9, 6, 5, 1] print(largest_number(numbers))  # Output: 9 ```  This function uses the built-in `max()` function in Python, which returns the largest item in an iterable (like a list) or the largest of two separate values.",""
"SmolLM2-1.7B-Instruct-q4f16_1-MLC","SmolLM2 Â· 1.7B","Q15","Code","Write a Python function to check if a string is a palindrome.","Working Python code",361,15.7,151,10.00,9.64,44.4,542,"Here's a simple Python function to check if a string is a palindrome:  ```python def is_palindrome(s):     s = s.lower()     return s == s[::-1]  # Example usage: print(is_palindrome(""radar""))  # Returns: True print(is_palindrome(""hello""))  # Returns: False ```  This function converts the input string to lowercase to make the comparison case-insensitive, then checks if the string is equal to its reverse (`s[::-1]`). If they are equal, the function returns `True`, indicating that the string is a palindrome; otherwise, it returns `False`.",""
"SmolLM2-1.7B-Instruct-q4f16_1-MLC","SmolLM2 Â· 1.7B","Q16","Summarization","Summarize the concept of supply and demand in economics in 2-3 sentences.","Price relationship with supply/demand",106,15.6,78,5.12,5.01,179.1,431,"Supply and demand are fundamental principles in economics that describe the relationship between the availability of a product or service (supply) and the desire for it (demand). When supply exceeds demand, prices tend to decrease, while when demand exceeds supply, prices tend to increase. This balance between supply and demand drives the market, influencing the prices of goods and services, and ultimately, the overall economy.",""
"SmolLM2-1.7B-Instruct-q4f16_1-MLC","SmolLM2 Â· 1.7B","Q17","Instruction","List exactly 3 programming languages that start with the letter P.","Exactly 3 languages starting with P",98,15.6,85,5.55,5.45,172.8,435,"1. Python: This is a popular, versatile language used for web development, data analysis, artificial intelligence, and more. 2. Pascal: Pascal is a general-purpose programming language used for developing applications, especially for beginners and educational purposes. 3. Pascal/Delphi: Pascal/Delphi is a hybrid language that combines elements of Pascal and Delphi, used for developing applications, especially for Windows platforms.",""
"SmolLM2-1.7B-Instruct-q4f16_1-MLC","SmolLM2 Â· 1.7B","Q18","Instruction","Explain what an API is in exactly one sentence.","One sentence about software communication",105,15.6,33,2.23,2.12,114.0,208,"An Application Programming Interface (API) is a set of defined rules and protocols that enables different software systems to communicate with each other, allowing data exchange and functionality interaction.",""
"SmolLM2-1.7B-Instruct-q4f16_1-MLC","SmolLM2 Â· 1.7B","Q19","Long-Response","Explain how the internet works, covering at least DNS, TCP/IP, and HTTP.","Covers DNS, TCP/IP, HTTP",182,15.7,256,16.52,16.34,99.0,1130,"Sure, I'd be happy to explain how the internet works, covering DNS, TCP/IP, and HTTP.  1. DNS (Domain Name System):  The Domain Name System is like a phonebook for the internet. When you type a website's address into your browser, your computer sends a request to a DNS server to translate the website's address into an IP address, which is a unique number used to identify devices on the internet. This process is called DNS resolution.  Here's how it works:  - Your computer sends a DNS query to a DNS server, asking for the IP address of a website. - The DNS server looks up the website's domain name in its database, which is essentially a list of domain names and their corresponding IP addresses. - If the website's IP address is in the DNS server's database, it sends the IP address back to your computer. - Your computer then sends a request to the IP address to the website's server.  2. TCP/IP (Transmission Control Protocol/Internet Protocol):  TCP/IP is the set of rules that enables data to be transmitted over the internet. It's a connectionless protocol, meaning that it doesn't require a dedicated connection to be",""
"SmolLM2-1.7B-Instruct-q4f16_1-MLC","SmolLM2 Â· 1.7B","Q20","Long-Response","Compare and contrast supervised learning and unsupervised learning in machine learning.","Labeled vs unlabeled data",107,15.4,256,16.71,16.61,205.0,1279,"Sure, I'd be happy to help with that. Let's start with supervised learning:  Supervised learning is a type of machine learning where the algorithm learns from labeled data. In supervised learning, the algorithm is trained on a dataset where the correct answers are already known. The goal is to predict the correct answer for new, unseen data. For example, if we're trying to predict whether a person has a certain disease based on their symptoms, we would have a dataset of people with the disease and people without the disease, with each person's symptoms labeled as ""disease"" or ""no disease"". The algorithm would then learn from this labeled data and be able to predict whether a new person has the disease or not.  Now, let's look at unsupervised learning:  Unsupervised learning is a type of machine learning where the algorithm learns from unlabeled data. In unsupervised learning, the algorithm is trained on a dataset with no predefined labels, and the goal is to discover patterns, relationships, or groupings in the data. For instance, if we're trying to find groups of similar people based on their characteristics, we would have a dataset of people with no labels, and the algorithm would group them into clusters based on similarities in their characteristics.  Now",""
